nthread,time
1,11.810957
2,6.013214
3,4.039628
4,3.126113
5,2.565291
6,2.207838
7,2.167575
8,2.145794
9,2.128987
10,2.084071
11,2.110305
12,2.088641
13,2.093040
14,2.100486
15,2.081881
16,2.114889
17,2.081591
18,2.084835
19,2.084759
20,2.088569
